{"lr": 9.999999999999754e-07, "_timestamp": 1694697595.148965, "_runtime": 580.2597379684448, "_step": 4, "loss": 6.875931316492509, "acc1": 0.266, "acc5": 1.116}