{"lr": 9.999999999999754e-07, "_timestamp": 1694697587.0370688, "_runtime": 572.8708717823029, "_step": 4, "loss": 6.875931316492509, "acc1": 0.266, "acc5": 1.116}